{
  "schema_version": "1.0",
  "profile": "pbmc",
  "profile_label": "PBMC / immune suspension",
  "criteria": {
    "min_retention": 0.55,
    "max_retention": 0.98,
    "min_marker_fidelity": 0.6
  },
  "retention": {
    "initial_cells": 2700,
    "final_cells": 2523,
    "removed_cells": 177,
    "retention_rate": 0.9344444444444444,
    "per_sample": {
      "sample1": {
        "initial_cells": 701,
        "final_cells": 649,
        "retention_rate": 0.9258202567760342
      },
      "sample2": {
        "initial_cells": 670,
        "final_cells": 629,
        "retention_rate": 0.9388059701492537
      },
      "sample3": {
        "initial_cells": 664,
        "final_cells": 622,
        "retention_rate": 0.9367469879518072
      },
      "sample4": {
        "initial_cells": 665,
        "final_cells": 623,
        "retention_rate": 0.9368421052631579
      }
    },
    "per_cell_type": {}
  },
  "marker_fidelity": {
    "available": true,
    "overall_marker_fidelity": 0.9786796153336377,
    "n_marker_sets_available": 5,
    "per_marker_set": {
      "T_cells": {
        "available_markers": [
          "CD3D",
          "CD3E",
          "IL7R"
        ],
        "n_markers": 3,
        "mean_expression_before": 1.1493827104568481,
        "mean_expression_after": 1.1865503787994385,
        "mean_expression_ratio": 1.0323370692846225,
        "detection_fraction_before": 0.6711111111111111,
        "detection_fraction_after": 0.6829171621086009,
        "detection_fraction_delta": 0.01180605099748977,
        "fidelity_score": 0.9756940925087576,
        "status": "ok"
      },
      "B_cells": {
        "available_markers": [
          "CD74",
          "CD79A",
          "MS4A1"
        ],
        "n_markers": 3,
        "mean_expression_before": 3.157160520553589,
        "mean_expression_after": 3.272294521331787,
        "mean_expression_ratio": 1.036467579025095,
        "detection_fraction_before": 0.8533333333333334,
        "detection_fraction_after": 0.8620689655172413,
        "detection_fraction_delta": 0.008735632183907938,
        "fidelity_score": 0.9773410903326423,
        "status": "ok"
      },
      "NK_cells": {
        "available_markers": [
          "GNLY",
          "KLRD1",
          "NKG7"
        ],
        "n_markers": 3,
        "mean_expression_before": 1.4371604919433594,
        "mean_expression_after": 1.484476089477539,
        "mean_expression_ratio": 1.03292297401677,
        "detection_fraction_before": 0.3788888888888889,
        "detection_fraction_after": 0.38287752675386444,
        "detection_fraction_delta": 0.003988637864975553,
        "fidelity_score": 0.9788544351836137,
        "status": "ok"
      },
      "Monocytes": {
        "available_markers": [
          "FCGR3A",
          "LYZ",
          "S100A8",
          "S100A9"
        ],
        "n_markers": 4,
        "mean_expression_before": 5.049351692199707,
        "mean_expression_after": 5.176575660705566,
        "mean_expression_ratio": 1.025196099670062,
        "detection_fraction_before": 0.73,
        "detection_fraction_after": 0.7380103051922314,
        "detection_fraction_delta": 0.008010305192231448,
        "fidelity_score": 0.9822846103977336,
        "status": "ok"
      },
      "Dendritic": {
        "available_markers": [
          "CST3",
          "FCER1A"
        ],
        "n_markers": 2,
        "mean_expression_before": 2.2507407665252686,
        "mean_expression_after": 2.344827651977539,
        "mean_expression_ratio": 1.0418026308722899,
        "detection_fraction_before": 0.40370370370370373,
        "detection_fraction_after": 0.4042806183115339,
        "detection_fraction_delta": 0.000576914607830159,
        "fidelity_score": 0.9792238482454414,
        "status": "ok"
      }
    }
  },
  "checks": [
    {
      "name": "minimum_retention",
      "passed": true,
      "value": 0.9344444444444444,
      "threshold": 0.55
    },
    {
      "name": "maximum_retention",
      "passed": true,
      "value": 0.9344444444444444,
      "threshold": 0.98
    },
    {
      "name": "marker_fidelity",
      "passed": true,
      "value": 0.9786796153336377,
      "threshold": 0.6
    }
  ],
  "status": "pass"
}