sample,n_cells,total_counts_mean,total_counts_median,total_counts_std,n_genes_by_counts_mean,n_genes_by_counts_median,n_genes_by_counts_std,pct_counts_mt_mean,pct_counts_mt_median,pct_counts_mt_std
sample3,622,2490.6511,2315.0,968.52655,883.6816720257235,840.0,253.4284495068027,2.0600543,1.9747905,0.7727389
sample4,623,2452.642,2194.0,1189.0977,872.2728731942215,823.0,287.95899921270666,2.059113,2.0196507,0.73648036
sample1,649,2408.08,2230.0,978.1515,864.060092449923,820.0,255.08026652600765,2.0539052,1.9358407,0.7376946
sample2,629,2420.2305,2232.0,1140.9155,857.8616852146264,817.0,286.30345290319025,2.069399,2.0072992,0.76383746
